{"cameraMode":{"drawMode":0,"name":"Shaded","section":"Shading Mode"},"sceneLighting":true,"audioPlay":false,"sceneViewState":{"m_AlwaysRefresh":false,"showFog":true,"showSkybox":true,"showFlares":true,"showImageEffects":true,"showParticleSystems":true,"showVisualEffectGraphs":true,"m_FxEnabled":true},"in2DMode":false,"pivot":{"x":1.2382702827453614,"y":2.6108124256134035,"z":-2.284165382385254},"rotation":{"x":0.0072768740355968479,"y":0.2420644611120224,"z":-0.001815518829971552,"w":0.9702312350273132},"size":5.645167827606201,"orthographic":false}