{"cameraMode":{"drawMode":0,"name":"Shaded","section":"Shading Mode"},"sceneLighting":true,"audioPlay":false,"sceneViewState":{"m_AlwaysRefresh":false,"showFog":true,"showSkybox":true,"showFlares":true,"showImageEffects":true,"showParticleSystems":true,"showVisualEffectGraphs":true,"m_FxEnabled":true},"in2DMode":false,"pivot":{"x":14.001290321350098,"y":12.970586776733399,"z":-3.478012800216675},"rotation":{"x":-0.00899842195212841,"y":0.01799829490482807,"z":0.00016198911180254072,"w":0.9997974634170532},"size":3.5643372535705568,"orthographic":false}