{"cameraMode":{"drawMode":0,"name":"Shaded","section":"Shading Mode"},"sceneLighting":true,"audioPlay":false,"sceneViewState":{"m_AlwaysRefresh":false,"showFog":true,"showSkybox":true,"showFlares":true,"showImageEffects":true,"showParticleSystems":true,"showVisualEffectGraphs":true,"m_FxEnabled":true},"in2DMode":false,"pivot":{"x":12.140762329101563,"y":11.3371000289917,"z":2.9810562133789064},"rotation":{"x":0.03298867866396904,"y":0.017989303916692735,"z":-0.000593839620705694,"w":0.9992931485176086},"size":0.1619238555431366,"orthographic":false}